{"mean":{"confidence_interval":{"confidence_level":0.95,"lower_bound":0.05597934983819572,"upper_bound":0.10041307465311043},"point_estimate":0.07747048852928407,"standard_error":0.011529946066896252},"median":{"confidence_interval":{"confidence_level":0.95,"lower_bound":0.028403740654179055,"upper_bound":0.09100540673508561},"point_estimate":0.052486659228854426,"standard_error":0.01847536994773913}}