{"mean":{"confidence_interval":{"confidence_level":0.95,"lower_bound":0.16343154662896456,"upper_bound":0.27075725734314565},"point_estimate":0.2184044340870268,"standard_error":0.027483984096701747},"median":{"confidence_interval":{"confidence_level":0.95,"lower_bound":0.2638781357996385,"upper_bound":0.3496949478731528},"point_estimate":0.29798695421654675,"standard_error":0.02794278405708265}}