{"mean":{"confidence_interval":{"confidence_level":0.95,"lower_bound":0.04127705680537192,"upper_bound":0.07390881956121133},"point_estimate":0.057788746937025515,"standard_error":0.00798812972879863},"median":{"confidence_interval":{"confidence_level":0.95,"lower_bound":0.009931275918724891,"upper_bound":0.0447694451447177},"point_estimate":0.024775294890350574,"standard_error":0.00806920145044281}}