{"mean":{"confidence_interval":{"confidence_level":0.95,"lower_bound":-0.0357668394461924,"upper_bound":-0.005371431797448405},"point_estimate":-0.02023471427606016,"standard_error":0.0077991494136781725},"median":{"confidence_interval":{"confidence_level":0.95,"lower_bound":-0.039499289398093884,"upper_bound":-0.00846067230030556},"point_estimate":-0.022427236467106315,"standard_error":0.008016890447286611}}