{"mean":{"confidence_interval":{"confidence_level":0.95,"lower_bound":-0.003640955740811216,"upper_bound":0.00557978890877257},"point_estimate":0.00021640993086480265,"standard_error":0.002444310333012161},"median":{"confidence_interval":{"confidence_level":0.95,"lower_bound":-0.003995471519096627,"upper_bound":-0.0021106211034483957},"point_estimate":-0.003133971744891495,"standard_error":0.0004585154863932442}}