{"mean":{"confidence_interval":{"confidence_level":0.95,"lower_bound":-0.09790977689448184,"upper_bound":-0.045385014380837925},"point_estimate":-0.07001581275051816,"standard_error":0.013477316490263219},"median":{"confidence_interval":{"confidence_level":0.95,"lower_bound":-0.06260218144056684,"upper_bound":-0.002976009879820718},"point_estimate":-0.02560014028425961,"standard_error":0.014560360094911087}}