{"mean":{"confidence_interval":{"confidence_level":0.95,"lower_bound":182726.19328008548,"upper_bound":188083.0557631471},"point_estimate":185398.11636796244,"standard_error":1371.4845026936355},"median":{"confidence_interval":{"confidence_level":0.95,"lower_bound":175647.55559239612,"upper_bound":194267.74307893752},"point_estimate":180862.4365079365,"standard_error":5791.34077730127},"median_abs_dev":{"confidence_interval":{"confidence_level":0.95,"lower_bound":8967.388839835476,"upper_bound":21134.060703599745},"point_estimate":17306.199755253518,"standard_error":3458.0835335823554},"slope":{"confidence_interval":{"confidence_level":0.95,"lower_bound":181673.26305661068,"upper_bound":189358.06103391532},"point_estimate":185499.38907787795,"standard_error":1958.8276727841876},"std_dev":{"confidence_interval":{"confidence_level":0.95,"lower_bound":12942.070911092667,"upper_bound":14555.248201672766},"point_estimate":13845.434489391077,"standard_error":411.0943351496371}}