{"mean":{"confidence_interval":{"confidence_level":0.95,"lower_bound":-0.02985583030196127,"upper_bound":-0.004836223324334851},"point_estimate":-0.01787975713262291,"standard_error":0.0063442237021393184},"median":{"confidence_interval":{"confidence_level":0.95,"lower_bound":-0.026642332679580938,"upper_bound":-0.005584230838375958},"point_estimate":-0.015963259849489653,"standard_error":0.00559569719797327}}