{"mean":{"confidence_interval":{"confidence_level":0.95,"lower_bound":-0.0841880324284407,"upper_bound":-0.05511539263297284},"point_estimate":-0.07003312832010933,"standard_error":0.007406391717500299},"median":{"confidence_interval":{"confidence_level":0.95,"lower_bound":-0.08026931424062156,"upper_bound":-0.04685368539464241},"point_estimate":-0.06378038518996731,"standard_error":0.008188593061054761}}