{"mean":{"confidence_interval":{"confidence_level":0.95,"lower_bound":-0.06910167049196973,"upper_bound":-0.02873099336794991},"point_estimate":-0.04835714376185496,"standard_error":0.01034297175025712},"median":{"confidence_interval":{"confidence_level":0.95,"lower_bound":-0.005590722771874446,"upper_bound":0.005189808523717865},"point_estimate":-0.0003806068186276157,"standard_error":0.002820943782978431}}