{"mean":{"confidence_interval":{"confidence_level":0.95,"lower_bound":-0.06461082930935952,"upper_bound":-0.01986104112155901},"point_estimate":-0.041915849314946185,"standard_error":0.011436076575004905},"median":{"confidence_interval":{"confidence_level":0.95,"lower_bound":-0.07070784405048924,"upper_bound":-0.01609981317093845},"point_estimate":-0.049896588543481446,"standard_error":0.013016288877905876}}