{"mean":{"confidence_interval":{"confidence_level":0.95,"lower_bound":-0.06675549633173511,"upper_bound":-0.041749511524201366},"point_estimate":-0.05425418128884585,"standard_error":0.006380595900113239},"median":{"confidence_interval":{"confidence_level":0.95,"lower_bound":-0.05586534394358833,"upper_bound":-0.027588043536226903},"point_estimate":-0.03791500333336861,"standard_error":0.007506705803338644}}