{"mean":{"confidence_interval":{"confidence_level":0.95,"lower_bound":-0.04711600846042038,"upper_bound":-0.016161137974461604},"point_estimate":-0.0314314566650058,"standard_error":0.007884083191112261},"median":{"confidence_interval":{"confidence_level":0.95,"lower_bound":-0.03496949745409028,"upper_bound":0.0032131556683985263},"point_estimate":-0.010112104833565616,"standard_error":0.00991950012993285}}