{"mean":{"confidence_interval":{"confidence_level":0.95,"lower_bound":0.005878505628401437,"upper_bound":0.017884968753812326},"point_estimate":0.011021629988001047,"standard_error":0.0031102039651538503},"median":{"confidence_interval":{"confidence_level":0.95,"lower_bound":0.0021652075038880447,"upper_bound":0.005088491164008113},"point_estimate":0.003170209528370771,"standard_error":0.0008136711434501696}}