{"mean":{"confidence_interval":{"confidence_level":0.95,"lower_bound":-0.06684663908354452,"upper_bound":-0.03629562180989526},"point_estimate":-0.05104174299994324,"standard_error":0.007830485199882012},"median":{"confidence_interval":{"confidence_level":0.95,"lower_bound":-0.07043025053243368,"upper_bound":-0.008436185553362008},"point_estimate":-0.041218325978334636,"standard_error":0.014219159530097591}}