{"mean":{"confidence_interval":{"confidence_level":0.95,"lower_bound":0.029285973095586608,"upper_bound":0.0651550317351435},"point_estimate":0.04585024235136537,"standard_error":0.009001228176161842},"median":{"confidence_interval":{"confidence_level":0.95,"lower_bound":0.010098889302097458,"upper_bound":0.03457800574769876},"point_estimate":0.016965521611718604,"standard_error":0.006251521794168319}}