{"mean":{"confidence_interval":{"confidence_level":0.95,"lower_bound":-0.09272456820845605,"upper_bound":-0.04668889154376718},"point_estimate":-0.07103784710109518,"standard_error":0.011692390653509206},"median":{"confidence_interval":{"confidence_level":0.95,"lower_bound":-0.08016737850221878,"upper_bound":-0.054494805894112264},"point_estimate":-0.06766514493089149,"standard_error":0.00612168207827052}}