{"mean":{"confidence_interval":{"confidence_level":0.95,"lower_bound":-0.0287407544029971,"upper_bound":-0.01813181401824976},"point_estimate":-0.023564670535723975,"standard_error":0.002689748219801664},"median":{"confidence_interval":{"confidence_level":0.95,"lower_bound":-0.026718825126378687,"upper_bound":-0.01686787623666608},"point_estimate":-0.021448698351064888,"standard_error":0.002857425812885971}}