{"mean":{"confidence_interval":{"confidence_level":0.95,"lower_bound":-0.00416490656523634,"upper_bound":0.028289539389004508},"point_estimate":0.015471188404357239,"standard_error":0.008626593070717455},"median":{"confidence_interval":{"confidence_level":0.95,"lower_bound":0.02332352663861581,"upper_bound":0.03297224560928336},"point_estimate":0.027825786040667877,"standard_error":0.002385786295120734}}