{"mean":{"confidence_interval":{"confidence_level":0.95,"lower_bound":-0.000413817421968901,"upper_bound":0.02357680076605679},"point_estimate":0.011087778281655636,"standard_error":0.006098614162872928},"median":{"confidence_interval":{"confidence_level":0.95,"lower_bound":-0.010401392035311059,"upper_bound":0.011360566322824962},"point_estimate":-0.0005663472137085179,"standard_error":0.005363147113337471}}