{"mean":{"confidence_interval":{"confidence_level":0.95,"lower_bound":-0.05675006224916108,"upper_bound":-0.03295667033138868},"point_estimate":-0.04507892088973442,"standard_error":0.006070539010249502},"median":{"confidence_interval":{"confidence_level":0.95,"lower_bound":-0.0525361843623835,"upper_bound":-0.018811342767787176},"point_estimate":-0.0298298032909885,"standard_error":0.00895519632649793}}