{"mean":{"confidence_interval":{"confidence_level":0.95,"lower_bound":0.006188583750942762,"upper_bound":0.09496427179209393},"point_estimate":0.05553234922839678,"standard_error":0.022897293553074387},"median":{"confidence_interval":{"confidence_level":0.95,"lower_bound":0.058968147314172326,"upper_bound":0.13545841766842026},"point_estimate":0.09318841112595089,"standard_error":0.01807454344678005}}