{"mean":{"confidence_interval":{"confidence_level":0.95,"lower_bound":0.007409076753284555,"upper_bound":0.016584719526262327},"point_estimate":0.011721625848795325,"standard_error":0.002247242484906253},"median":{"confidence_interval":{"confidence_level":0.95,"lower_bound":-0.000770244977236878,"upper_bound":0.004614795307736674},"point_estimate":0.0007275541033402444,"standard_error":0.0016024627855561137}}