{"mean":{"confidence_interval":{"confidence_level":0.95,"lower_bound":2527026.270837499,"upper_bound":2569211.0027375002},"point_estimate":2546670.477999999,"standard_error":10815.761323366258},"median":{"confidence_interval":{"confidence_level":0.95,"lower_bound":2503756.85,"upper_bound":2505960.35},"point_estimate":2504896.3,"standard_error":616.9117477184241},"median_abs_dev":{"confidence_interval":{"confidence_level":0.95,"lower_bound":3876.2576311826706,"upper_bound":7408.552068471909},"point_estimate":5224.3116572499275,"standard_error":918.5429812950044},"slope":null,"std_dev":{"confidence_interval":{"confidence_level":0.95,"lower_bound":73021.05910428245,"upper_bound":137371.4131595506},"point_estimate":108965.18928923339,"standard_error":16485.21510557535}}