{"mean":{"confidence_interval":{"confidence_level":0.95,"lower_bound":0.012249102001556607,"upper_bound":0.053388480530104476},"point_estimate":0.033308810330890504,"standard_error":0.010546818164460618},"median":{"confidence_interval":{"confidence_level":0.95,"lower_bound":-0.0034908676100058322,"upper_bound":0.10636886684165336},"point_estimate":0.028927048273419187,"standard_error":0.03409181645965045}}