{"mean":{"confidence_interval":{"confidence_level":0.95,"lower_bound":-0.13756961855636568,"upper_bound":-0.03638586477261176},"point_estimate":-0.0838209231035737,"standard_error":0.0261025478088672},"median":{"confidence_interval":{"confidence_level":0.95,"lower_bound":-0.044289889172003716,"upper_bound":-0.027158260999900707},"point_estimate":-0.03198127120891736,"standard_error":0.004182537184139199}}