{"mean":{"confidence_interval":{"confidence_level":0.95,"lower_bound":-0.058486825702971874,"upper_bound":0.020493382489641426},"point_estimate":-0.020491344275527346,"standard_error":0.020044403182323842},"median":{"confidence_interval":{"confidence_level":0.95,"lower_bound":-0.026572988370333506,"upper_bound":0.0040859162734136955},"point_estimate":-0.006577670822668691,"standard_error":0.00813250726563657}}