{"mean":{"confidence_interval":{"confidence_level":0.95,"lower_bound":0.026278950801930857,"upper_bound":0.0887786105452694},"point_estimate":0.057298836236704176,"standard_error":0.01598361655558503},"median":{"confidence_interval":{"confidence_level":0.95,"lower_bound":0.030469598240970733,"upper_bound":0.06453940384994342},"point_estimate":0.04907997880806536,"standard_error":0.008812646742972658}}