{"mean":{"confidence_interval":{"confidence_level":0.95,"lower_bound":-0.14981931756337877,"upper_bound":-0.08661878893258597},"point_estimate":-0.11639071256645372,"standard_error":0.016112840745183616},"median":{"confidence_interval":{"confidence_level":0.95,"lower_bound":-0.10815740268734564,"upper_bound":-0.07118280651109676},"point_estimate":-0.09055774741567546,"standard_error":0.009456860512690178}}