{"mean":{"confidence_interval":{"confidence_level":0.95,"lower_bound":-0.03903519283942871,"upper_bound":0.046474698958016536},"point_estimate":0.003773881998771822,"standard_error":0.021843538916858075},"median":{"confidence_interval":{"confidence_level":0.95,"lower_bound":-0.05969393613183527,"upper_bound":0.04304289106090129},"point_estimate":-0.008737095966952935,"standard_error":0.027533596240851253}}