{"mean":{"confidence_interval":{"confidence_level":0.95,"lower_bound":-0.10903801351870196,"upper_bound":-0.027144111644240368},"point_estimate":-0.07113897071548014,"standard_error":0.020933329758043146},"median":{"confidence_interval":{"confidence_level":0.95,"lower_bound":-0.0875893433199969,"upper_bound":-0.055368315433013016},"point_estimate":-0.06975577122322763,"standard_error":0.008768611187421864}}