{"mean":{"confidence_interval":{"confidence_level":0.95,"lower_bound":-0.11178381783383916,"upper_bound":-0.06951075480923298},"point_estimate":-0.09065992769775899,"standard_error":0.01078018543952676},"median":{"confidence_interval":{"confidence_level":0.95,"lower_bound":-0.10054787256674425,"upper_bound":-0.025233987771489108},"point_estimate":-0.04448744224479284,"standard_error":0.019760110429564378}}