{"mean":{"confidence_interval":{"confidence_level":0.95,"lower_bound":-0.020240290221491725,"upper_bound":0.03612098250812111},"point_estimate":0.007766694269463192,"standard_error":0.014442342604615025},"median":{"confidence_interval":{"confidence_level":0.95,"lower_bound":-0.00522075528369581,"upper_bound":0.0457031793355942},"point_estimate":0.023860782341706743,"standard_error":0.013846709956775513}}