{"mean":{"confidence_interval":{"confidence_level":0.95,"lower_bound":-0.11712384069021521,"upper_bound":-0.04030967809924721},"point_estimate":-0.07441674685732036,"standard_error":0.01993154942245779},"median":{"confidence_interval":{"confidence_level":0.95,"lower_bound":-0.07654117807054583,"upper_bound":-0.022709248986977515},"point_estimate":-0.04826448617371881,"standard_error":0.01263207170583638}}