{"mean":{"confidence_interval":{"confidence_level":0.95,"lower_bound":-0.00843144681439024,"upper_bound":0.02811492631306303},"point_estimate":0.007076697824095035,"standard_error":0.009296944881752742},"median":{"confidence_interval":{"confidence_level":0.95,"lower_bound":-0.008976006486354104,"upper_bound":0.0065167607684444425},"point_estimate":-0.0005597345641057405,"standard_error":0.003942337171629361}}