{"mean":{"confidence_interval":{"confidence_level":0.95,"lower_bound":-0.04307058302619589,"upper_bound":0.015515498420240014},"point_estimate":-0.01414318613613419,"standard_error":0.014931086313033609},"median":{"confidence_interval":{"confidence_level":0.95,"lower_bound":-0.033086297340919724,"upper_bound":0.02173730643602334},"point_estimate":-0.008974263122247361,"standard_error":0.013839738264569195}}