{"mean":{"confidence_interval":{"confidence_level":0.95,"lower_bound":-0.022703146327448846,"upper_bound":-0.0026757242764543676},"point_estimate":-0.012307990736985186,"standard_error":0.005099775008793884},"median":{"confidence_interval":{"confidence_level":0.95,"lower_bound":-0.00928879611134903,"upper_bound":0.010827285834740241},"point_estimate":0.001600984735668165,"standard_error":0.005164425812316097}}