{"mean":{"confidence_interval":{"confidence_level":0.95,"lower_bound":-0.11451807887542706,"upper_bound":-0.08341724759943256},"point_estimate":-0.09880102087869191,"standard_error":0.007961644042453392},"median":{"confidence_interval":{"confidence_level":0.95,"lower_bound":-0.11619573208560452,"upper_bound":-0.08307768791945314},"point_estimate":-0.09941534603967817,"standard_error":0.008511138142178855}}