{"mean":{"confidence_interval":{"confidence_level":0.95,"lower_bound":2761801.9621842112,"upper_bound":2822867.067394737},"point_estimate":2791277.2905263156,"standard_error":15544.83082144864},"median":{"confidence_interval":{"confidence_level":0.95,"lower_bound":2707719.4210526315,"upper_bound":2767123.4736842103},"point_estimate":2723697.552631579,"standard_error":14054.869978795168},"median_abs_dev":{"confidence_interval":{"confidence_level":0.95,"lower_bound":69241.86657071079,"upper_bound":143541.4668884712},"point_estimate":94781.28978045376,"standard_error":18487.499733530964},"slope":null,"std_dev":{"confidence_interval":{"confidence_level":0.95,"lower_bound":123712.80628834236,"upper_bound":185429.45434381405},"point_estimate":156076.4531749339,"standard_error":15773.209944080063}}