{"mean":{"confidence_interval":{"confidence_level":0.95,"lower_bound":-0.015159729148311683,"upper_bound":0.004634885307871794},"point_estimate":-0.0058922540569597,"standard_error":0.0049820941369378285},"median":{"confidence_interval":{"confidence_level":0.95,"lower_bound":-0.020102160309900752,"upper_bound":-0.00794116098878661},"point_estimate":-0.01539200576843014,"standard_error":0.0031262594689562447}}