{"mean":{"confidence_interval":{"confidence_level":0.95,"lower_bound":-0.013548279286704929,"upper_bound":0.00018885339172544256},"point_estimate":-0.006527847602131653,"standard_error":0.003491412209376618},"median":{"confidence_interval":{"confidence_level":0.95,"lower_bound":-0.003873287137372783,"upper_bound":-0.002394781149115288},"point_estimate":-0.0029622255285338683,"standard_error":0.0003670729473217661}}