{"mean":{"confidence_interval":{"confidence_level":0.95,"lower_bound":0.015903208379820205,"upper_bound":0.030643853219963706},"point_estimate":0.022609579713979144,"standard_error":0.003725554736953755},"median":{"confidence_interval":{"confidence_level":0.95,"lower_bound":0.009592113032815597,"upper_bound":0.015053409779278493},"point_estimate":0.011741273577112299,"standard_error":0.0013594810287343518}}