{"mean":{"confidence_interval":{"confidence_level":0.95,"lower_bound":-0.0413018652598341,"upper_bound":0.08831138922296747},"point_estimate":0.009999159030535276,"standard_error":0.03431374122874512},"median":{"confidence_interval":{"confidence_level":0.95,"lower_bound":-0.04865764763963287,"upper_bound":-0.02083547899266802},"point_estimate":-0.03264920758813672,"standard_error":0.006717759602183695}}