{"mean":{"confidence_interval":{"confidence_level":0.95,"lower_bound":3176809.3033235287,"upper_bound":3228899.658749999},"point_estimate":3201154.928235294,"standard_error":13307.044255937763},"median":{"confidence_interval":{"confidence_level":0.95,"lower_bound":3148817.0588235296,"upper_bound":3169253.7647058824},"point_estimate":3155382.3823529407,"standard_error":5834.277815181021},"median_abs_dev":{"confidence_interval":{"confidence_level":0.95,"lower_bound":30313.457091240445,"upper_bound":70177.38715410233},"point_estimate":56664.49132929859,"standard_error":10569.827213402627},"slope":null,"std_dev":{"confidence_interval":{"confidence_level":0.95,"lower_bound":88398.10103357906,"upper_bound":171897.86496614965},"point_estimate":134019.31918110166,"standard_error":21364.86614699876}}