{"mean":{"confidence_interval":{"confidence_level":0.95,"lower_bound":-0.08999248268456939,"upper_bound":-0.014157884076958838},"point_estimate":-0.04670729682225405,"standard_error":0.019827280415747436},"median":{"confidence_interval":{"confidence_level":0.95,"lower_bound":-0.0031634171050345383,"upper_bound":-0.00027314320447469065},"point_estimate":-0.0017908097572022497,"standard_error":0.0008208258290122763}}