{"mean":{"confidence_interval":{"confidence_level":0.95,"lower_bound":111417.23279284759,"upper_bound":115886.90321005932},"point_estimate":113226.14904587317,"standard_error":1178.6408504851279},"median":{"confidence_interval":{"confidence_level":0.95,"lower_bound":110008.39404352807,"upper_bound":112329.48611111111},"point_estimate":110800.96624647744,"standard_error":516.4756238167131},"median_abs_dev":{"confidence_interval":{"confidence_level":0.95,"lower_bound":1508.1574602989933,"upper_bound":3519.920146005753},"point_estimate":2641.928284526728,"standard_error":533.440438399705},"slope":{"confidence_interval":{"confidence_level":0.95,"lower_bound":111067.23494008012,"upper_bound":113524.2801534302},"point_estimate":112135.23598640462,"standard_error":628.2553141672885},"std_dev":{"confidence_interval":{"confidence_level":0.95,"lower_bound":2468.0618948100396,"upper_bound":19137.83902117686},"point_estimate":11829.784012262544,"standard_error":4759.858525722557}}