{"mean":{"confidence_interval":{"confidence_level":0.95,"lower_bound":-0.011938118413883491,"upper_bound":0.003614303185486167},"point_estimate":-0.004101008467657596,"standard_error":0.003917067969376105},"median":{"confidence_interval":{"confidence_level":0.95,"lower_bound":-0.0027935986364187038,"upper_bound":-0.0010383230628097095},"point_estimate":-0.001813994435110322,"standard_error":0.00046267161234018344}}