{"mean":{"confidence_interval":{"confidence_level":0.95,"lower_bound":-0.02563989866167238,"upper_bound":0.02335304982700146},"point_estimate":-0.0008734055018617681,"standard_error":0.012482318335865758},"median":{"confidence_interval":{"confidence_level":0.95,"lower_bound":0.007878731992469173,"upper_bound":0.03993805944815154},"point_estimate":0.03315315924432616,"standard_error":0.00807956082496123}}