{"mean":{"confidence_interval":{"confidence_level":0.95,"lower_bound":1212.4898616548605,"upper_bound":1222.108575748375},"point_estimate":1217.0465293674185,"standard_error":2.4600862315668235},"median":{"confidence_interval":{"confidence_level":0.95,"lower_bound":1205.5697742200327,"upper_bound":1209.0723115531184},"point_estimate":1206.5814867361205,"standard_error":0.9290537785698828},"median_abs_dev":{"confidence_interval":{"confidence_level":0.95,"lower_bound":5.733967526960541,"upper_bound":10.966009963188977},"point_estimate":7.49541955736868,"standard_error":1.3276973091647648},"slope":{"confidence_interval":{"confidence_level":0.95,"lower_bound":1216.428633120496,"upper_bound":1231.798396865054},"point_estimate":1223.7503060236543,"standard_error":3.935341823113841},"std_dev":{"confidence_interval":{"confidence_level":0.95,"lower_bound":17.98350492415953,"upper_bound":30.482467381584026},"point_estimate":24.680844706392488,"standard_error":3.194323981161375}}