{"mean":{"confidence_interval":{"confidence_level":0.95,"lower_bound":-0.043116397630444746,"upper_bound":-0.006625524331787805},"point_estimate":-0.0264107567837214,"standard_error":0.009213559839781161},"median":{"confidence_interval":{"confidence_level":0.95,"lower_bound":-0.01954225203586457,"upper_bound":-0.005797153973275071},"point_estimate":-0.014680492891427144,"standard_error":0.003555317132849886}}