{"mean":{"confidence_interval":{"confidence_level":0.95,"lower_bound":-0.12338473487088097,"upper_bound":-0.02423897864969432},"point_estimate":-0.07451512612500566,"standard_error":0.025259463698756694},"median":{"confidence_interval":{"confidence_level":0.95,"lower_bound":-0.11254896004296344,"upper_bound":-0.08825080582118539},"point_estimate":-0.0970467792763261,"standard_error":0.006211677134588409}}