{"mean":{"confidence_interval":{"confidence_level":0.95,"lower_bound":-0.05545022080622149,"upper_bound":0.011345664899908231},"point_estimate":-0.02135296871998671,"standard_error":0.01705912565532985},"median":{"confidence_interval":{"confidence_level":0.95,"lower_bound":-0.03652559306373637,"upper_bound":0.02155708411666904},"point_estimate":-0.004317384220888121,"standard_error":0.015446308083201507}}