{"mean":{"confidence_interval":{"confidence_level":0.95,"lower_bound":967653.6536205971,"upper_bound":976776.9509004891},"point_estimate":971349.7511921382,"standard_error":2383.6742838073524},"median":{"confidence_interval":{"confidence_level":0.95,"lower_bound":967066.0505681818,"upper_bound":968696.1053921569},"point_estimate":967866.9659887005,"standard_error":387.649213740463},"median_abs_dev":{"confidence_interval":{"confidence_level":0.95,"lower_bound":3033.5764888748954,"upper_bound":4754.649058970448},"point_estimate":3870.765421946839,"standard_error":422.1432236128339},"slope":{"confidence_interval":{"confidence_level":0.95,"lower_bound":967078.6324810759,"upper_bound":969260.6687412399},"point_estimate":967998.0107152357,"standard_error":560.6285585185045},"std_dev":{"confidence_interval":{"confidence_level":0.95,"lower_bound":4404.711142829507,"upper_bound":38893.10268663669},"point_estimate":23942.23962659122,"standard_error":9545.838072761599}}