{"mean":{"confidence_interval":{"confidence_level":0.95,"lower_bound":-0.109254856651734,"upper_bound":0.028541482542413874},"point_estimate":-0.045477889571802654,"standard_error":0.03523767243000095},"median":{"confidence_interval":{"confidence_level":0.95,"lower_bound":-0.07675496057342128,"upper_bound":-0.007759580202185368},"point_estimate":-0.046156376413511335,"standard_error":0.01726968754807142}}