{"mean":{"confidence_interval":{"confidence_level":0.95,"lower_bound":12219011.068625,"upper_bound":12285222.339000002},"point_estimate":12247783.2875,"standard_error":17009.688215302245},"median":{"confidence_interval":{"confidence_level":0.95,"lower_bound":12189680.375,"upper_bound":12217342.625},"point_estimate":12203437.75,"standard_error":8310.703069478894},"median_abs_dev":{"confidence_interval":{"confidence_level":0.95,"lower_bound":41008.52994695306,"upper_bound":83983.35810899734},"point_estimate":57969.473645836115,"standard_error":10920.779075910956},"slope":null,"std_dev":{"confidence_interval":{"confidence_level":0.95,"lower_bound":85176.43245130437,"upper_bound":260276.52629843057},"point_estimate":171544.57197440136,"standard_error":53458.56153713093}}