{"mean":{"confidence_interval":{"confidence_level":0.95,"lower_bound":-0.00925144207568059,"upper_bound":0.0033550932783547125},"point_estimate":-0.0038727793350764594,"standard_error":0.0032241164594440535},"median":{"confidence_interval":{"confidence_level":0.95,"lower_bound":-0.009663376626772534,"upper_bound":-0.001471392141973893},"point_estimate":-0.006958488840874799,"standard_error":0.0021921249960744128}}