{"mean":{"confidence_interval":{"confidence_level":0.95,"lower_bound":0.13151480696979617,"upper_bound":0.24343482991739024},"point_estimate":0.18750643309913095,"standard_error":0.030577368423922897},"median":{"confidence_interval":{"confidence_level":0.95,"lower_bound":0.07429868698170217,"upper_bound":0.1262079727768215},"point_estimate":0.09056527861318253,"standard_error":0.012989931410878976}}