{"mean":{"confidence_interval":{"confidence_level":0.95,"lower_bound":-0.05805027206288163,"upper_bound":-0.00737438179073846},"point_estimate":-0.03360534318837971,"standard_error":0.012810317569882209},"median":{"confidence_interval":{"confidence_level":0.95,"lower_bound":-0.04751595004544429,"upper_bound":-0.02107711224657649},"point_estimate":-0.03403039887480597,"standard_error":0.0067451994353646735}}