{"mean":{"confidence_interval":{"confidence_level":0.95,"lower_bound":0.04617517161000657,"upper_bound":0.12165280739994136},"point_estimate":0.08678650353033213,"standard_error":0.01937065159754121},"median":{"confidence_interval":{"confidence_level":0.95,"lower_bound":0.11059133401448618,"upper_bound":0.16225241928700695},"point_estimate":0.13872817209375166,"standard_error":0.013073985301268125}}