{"mean":{"confidence_interval":{"confidence_level":0.95,"lower_bound":-0.024988946302614223,"upper_bound":-0.015221367313880968},"point_estimate":-0.02012143610378403,"standard_error":0.0024899403672467403},"median":{"confidence_interval":{"confidence_level":0.95,"lower_bound":-0.025223160706072556,"upper_bound":-0.011612689244377195},"point_estimate":-0.019022123008810343,"standard_error":0.003772763301314987}}