{"mean":{"confidence_interval":{"confidence_level":0.95,"lower_bound":-0.02161502064754241,"upper_bound":-0.0005563400031616791},"point_estimate":-0.010938221630983458,"standard_error":0.005361225245755114},"median":{"confidence_interval":{"confidence_level":0.95,"lower_bound":-0.010294599488843278,"upper_bound":0.005785916478514119},"point_estimate":0.0000951490610023864,"standard_error":0.004041045658340511}}