{"mean":{"confidence_interval":{"confidence_level":0.95,"lower_bound":-0.13845935525944356,"upper_bound":-0.09868225985840948},"point_estimate":-0.11948170364438926,"standard_error":0.010101422720093891},"median":{"confidence_interval":{"confidence_level":0.95,"lower_bound":-0.18639609541552893,"upper_bound":-0.13845134483988542},"point_estimate":-0.16624020859495525,"standard_error":0.013623909530566412}}