{"mean":{"confidence_interval":{"confidence_level":0.95,"lower_bound":-0.046273678436512575,"upper_bound":-0.034010023945300935},"point_estimate":-0.04036019270199842,"standard_error":0.003066192417735762},"median":{"confidence_interval":{"confidence_level":0.95,"lower_bound":-0.052451130402269786,"upper_bound":-0.043840084523636635},"point_estimate":-0.048405535716158465,"standard_error":0.0021550577655302}}