{"mean":{"confidence_interval":{"confidence_level":0.95,"lower_bound":-0.05499115175111121,"upper_bound":-0.006780410495519096},"point_estimate":-0.03143353505601598,"standard_error":0.012352485791497635},"median":{"confidence_interval":{"confidence_level":0.95,"lower_bound":-0.09035446428674365,"upper_bound":-0.01866309169930479},"point_estimate":-0.06772984298551266,"standard_error":0.01805573775278437}}