{"mean":{"confidence_interval":{"confidence_level":0.95,"lower_bound":-0.054197272352017115,"upper_bound":0.09495017518257756},"point_estimate":0.016116087239274268,"standard_error":0.03681756908056616},"median":{"confidence_interval":{"confidence_level":0.95,"lower_bound":-0.03163528642794433,"upper_bound":-0.0004000900400862317},"point_estimate":-0.0224338892099204,"standard_error":0.007451635744704818}}