{"mean":{"confidence_interval":{"confidence_level":0.95,"lower_bound":0.0005542539686924062,"upper_bound":0.04859907104812006},"point_estimate":0.02356091707934982,"standard_error":0.012011467933890617},"median":{"confidence_interval":{"confidence_level":0.95,"lower_bound":-0.02089627069126221,"upper_bound":0.025804258876869657},"point_estimate":0.0022961650698536396,"standard_error":0.012515674073162321}}