{"mean":{"confidence_interval":{"confidence_level":0.95,"lower_bound":-0.009941372798896436,"upper_bound":0.013672662788235595},"point_estimate":0.002177359258616951,"standard_error":0.0059802117968794696},"median":{"confidence_interval":{"confidence_level":0.95,"lower_bound":-0.010114803040627285,"upper_bound":0.028947107542482847},"point_estimate":0.010744383423515691,"standard_error":0.009774296259117502}}