{"mean":{"confidence_interval":{"confidence_level":0.95,"lower_bound":-0.12404105471350582,"upper_bound":-0.07542574311863527},"point_estimate":-0.09994040480531086,"standard_error":0.012416360240682761},"median":{"confidence_interval":{"confidence_level":0.95,"lower_bound":-0.12421928642471014,"upper_bound":-0.07739266299000491},"point_estimate":-0.1074730383784589,"standard_error":0.012346582329487099}}