{"mean":{"confidence_interval":{"confidence_level":0.95,"lower_bound":0.005315407952793656,"upper_bound":0.030080480228806064},"point_estimate":0.016784178764712943,"standard_error":0.006501394873585035},"median":{"confidence_interval":{"confidence_level":0.95,"lower_bound":0.0032685235938694213,"upper_bound":0.019528313405842157},"point_estimate":0.013089551196372007,"standard_error":0.004248458486219292}}