{"mean":{"confidence_interval":{"confidence_level":0.95,"lower_bound":4699018.137840908,"upper_bound":4848903.805727273},"point_estimate":4770398.395454545,"standard_error":38149.457005840915},"median":{"confidence_interval":{"confidence_level":0.95,"lower_bound":4553534.863636363,"upper_bound":4593457.454545454},"point_estimate":4566756.636363637,"standard_error":12297.94744960367},"median_abs_dev":{"confidence_interval":{"confidence_level":0.95,"lower_bound":56130.29153076035,"upper_bound":136225.88501105318},"point_estimate":80844.55918290411,"standard_error":22557.518970173267},"slope":null,"std_dev":{"confidence_interval":{"confidence_level":0.95,"lower_bound":290228.244392734,"upper_bound":465151.6233073454},"point_estimate":382793.56495722313,"standard_error":44773.930544052935}}