{"mean":{"confidence_interval":{"confidence_level":0.95,"lower_bound":3563052.6840892867,"upper_bound":3586179.5949285715},"point_estimate":3573752.9535714285,"standard_error":5928.141777279334},"median":{"confidence_interval":{"confidence_level":0.95,"lower_bound":3557524.0357142854,"upper_bound":3560658.6785714286},"point_estimate":3558792.25,"standard_error":864.344922575256},"median_abs_dev":{"confidence_interval":{"confidence_level":0.95,"lower_bound":6009.34834331274,"upper_bound":14854.539786279202},"point_estimate":8600.615397308504,"standard_error":2349.517835809759},"slope":null,"std_dev":{"confidence_interval":{"confidence_level":0.95,"lower_bound":38154.13980770402,"upper_bound":79278.05989779237},"point_estimate":59682.32167800327,"standard_error":10584.50582398583}}