{"mean":{"confidence_interval":{"confidence_level":0.95,"lower_bound":4306806.781833333,"upper_bound":4336949.0352083305},"point_estimate":4321408.490833332,"standard_error":7672.158289748781},"median":{"confidence_interval":{"confidence_level":0.95,"lower_bound":4293876.583333333,"upper_bound":4326204.75},"point_estimate":4307194.833333334,"standard_error":7227.081802002353},"median_abs_dev":{"confidence_interval":{"confidence_level":0.95,"lower_bound":51987.22908329306,"upper_bound":88284.99838262843},"point_estimate":68317.95968711468,"standard_error":8950.935528680262},"slope":null,"std_dev":{"confidence_interval":{"confidence_level":0.95,"lower_bound":60127.099619759014,"upper_bound":94889.22090025555},"point_estimate":77059.04489012994,"standard_error":9026.601632523136}}