{"mean":{"confidence_interval":{"confidence_level":0.95,"lower_bound":-0.06016043087384348,"upper_bound":0.018096846442047173},"point_estimate":-0.021201084126962533,"standard_error":0.01999239244707984},"median":{"confidence_interval":{"confidence_level":0.95,"lower_bound":-0.03834720119131163,"upper_bound":-0.005187171616552466},"point_estimate":-0.02159636194869663,"standard_error":0.008130606208691334}}