{"mean":{"confidence_interval":{"confidence_level":0.95,"lower_bound":-0.05445672260035394,"upper_bound":-0.021454815329038222},"point_estimate":-0.037687371761745525,"standard_error":0.008369531137737005},"median":{"confidence_interval":{"confidence_level":0.95,"lower_bound":-0.03504580657085066,"upper_bound":-0.0024492371077177574},"point_estimate":-0.01842601184829551,"standard_error":0.008812547489648312}}