{"mean":{"confidence_interval":{"confidence_level":0.95,"lower_bound":-0.049310503298520665,"upper_bound":-0.0008777626653162942},"point_estimate":-0.025669093722531122,"standard_error":0.012312599964873086},"median":{"confidence_interval":{"confidence_level":0.95,"lower_bound":-0.042297636386281146,"upper_bound":-0.0008907143951257064},"point_estimate":-0.022574229807166613,"standard_error":0.010785175003242883}}