{"mean":{"confidence_interval":{"confidence_level":0.95,"lower_bound":0.020948597550412264,"upper_bound":0.06004638635528036},"point_estimate":0.04002033295004481,"standard_error":0.009993248324999341},"median":{"confidence_interval":{"confidence_level":0.95,"lower_bound":0.008111355250245866,"upper_bound":0.015549750025297238},"point_estimate":0.011217820464831885,"standard_error":0.0018248719655622498}}