{"mean":{"confidence_interval":{"confidence_level":0.95,"lower_bound":-0.015415298196503734,"upper_bound":0.005290555122028983},"point_estimate":-0.004731427353780182,"standard_error":0.005270792348948357},"median":{"confidence_interval":{"confidence_level":0.95,"lower_bound":0.0008247695057759241,"upper_bound":0.013985813053641216},"point_estimate":0.00880385429797248,"standard_error":0.0033409759528314075}}