{"mean":{"confidence_interval":{"confidence_level":0.95,"lower_bound":-0.023156994629373855,"upper_bound":-0.010477780507823425},"point_estimate":-0.016611770840585738,"standard_error":0.0032342374004568973},"median":{"confidence_interval":{"confidence_level":0.95,"lower_bound":-0.018005752634194128,"upper_bound":-0.009695371413346088},"point_estimate":-0.014450944832866908,"standard_error":0.0019895586523016933}}