{"mean":{"confidence_interval":{"confidence_level":0.95,"lower_bound":0.00005682398198246275,"upper_bound":0.02596939286152307},"point_estimate":0.012828945427735938,"standard_error":0.006552409192404571},"median":{"confidence_interval":{"confidence_level":0.95,"lower_bound":-0.001027987776022532,"upper_bound":0.031057784767011043},"point_estimate":0.015980630280045593,"standard_error":0.008744506973257347}}