{"mean":{"confidence_interval":{"confidence_level":0.95,"lower_bound":-0.18185084494917036,"upper_bound":-0.16393676046089486},"point_estimate":-0.17353215542541733,"standard_error":0.004552073465212839},"median":{"confidence_interval":{"confidence_level":0.95,"lower_bound":-0.1725307000976496,"upper_bound":-0.1682939199196215},"point_estimate":-0.17053087066082884,"standard_error":0.0011601737092092237}}