{"mean":{"confidence_interval":{"confidence_level":0.95,"lower_bound":-0.676205500214579,"upper_bound":-0.6592503176088653},"point_estimate":-0.6672724936035479,"standard_error":0.004339078197684997},"median":{"confidence_interval":{"confidence_level":0.95,"lower_bound":-0.6756148616416711,"upper_bound":-0.6578725571325061},"point_estimate":-0.6697730887866551,"standard_error":0.004204881574291588}}